{"cameraMode":{"drawMode":0,"name":"Shaded","section":"Shading Mode"},"sceneLighting":true,"audioPlay":false,"sceneViewState":{"showFog":true,"showMaterialUpdate":false,"showSkybox":true,"showFlares":true,"showImageEffects":true,"showParticleSystems":true},"in2DMode":false,"pivot":{"x":-1.234352469444275,"y":1.9494681358337403,"z":0.21969985961914063},"rotation":{"x":0.2746248245239258,"y":0.20567885041236878,"z":-0.060258761048316959,"w":0.9373628497123718},"size":1.5026066303253174,"orthographic":false}