{"cameraMode":{"drawMode":0,"name":"Shaded","section":"Shading Mode"},"sceneLighting":true,"audioPlay":false,"sceneViewState":{"showFog":true,"showMaterialUpdate":false,"showSkybox":true,"showFlares":true,"showImageEffects":true,"showParticleSystems":true},"in2DMode":false,"pivot":{"x":-0.786841630935669,"y":0.6065726280212402,"z":11.763020515441895},"rotation":{"x":-0.2850280702114105,"y":0.5722262263298035,"z":-0.22148965299129487,"w":-0.7364039421081543},"size":2.40260648727417,"orthographic":false}