{"cameraMode":{"drawMode":0,"name":"Shaded","section":"Shading Mode"},"sceneLighting":true,"audioPlay":false,"sceneViewState":{"showFog":true,"showMaterialUpdate":false,"showSkybox":true,"showFlares":true,"showImageEffects":true,"showParticleSystems":true},"in2DMode":false,"pivot":{"x":-8.430506706237793,"y":4.522291660308838,"z":0.288958340883255},"rotation":{"x":0.1707247644662857,"y":0.6628246307373047,"z":-0.15904641151428224,"w":0.711493194103241},"size":0.4320490062236786,"orthographic":false}