{"cameraMode":{"drawMode":0,"name":"Shaded","section":"Shading Mode"},"sceneLighting":true,"audioPlay":false,"sceneViewState":{"showFog":true,"showMaterialUpdate":false,"showSkybox":true,"showFlares":true,"showImageEffects":true,"showParticleSystems":true},"in2DMode":false,"pivot":{"x":0.011651203036308289,"y":4.968952178955078,"z":11.36963176727295},"rotation":{"x":0.23234865069389344,"y":-0.6901535391807556,"z":0.2515483796596527,"w":0.637550950050354},"size":0.1158607006072998,"orthographic":false}