{"cameraMode":{"drawMode":0,"name":"Shaded","section":"Shading Mode"},"sceneLighting":true,"audioPlay":false,"sceneViewState":{"showFog":true,"showMaterialUpdate":false,"showSkybox":true,"showFlares":true,"showImageEffects":true,"showParticleSystems":true},"in2DMode":false,"pivot":{"x":-2.77282977104187,"y":0.87174391746521,"z":2.760427474975586},"rotation":{"x":0.23091229796409608,"y":0.4496297240257263,"z":-0.12153895944356919,"w":0.8542513251304627},"size":2.1026065349578859,"orthographic":false}