{"cameraMode":{"drawMode":0,"name":"Shaded","section":"Shading Mode"},"sceneLighting":true,"audioPlay":false,"sceneViewState":{"showFog":true,"showMaterialUpdate":false,"showSkybox":true,"showFlares":true,"showImageEffects":true,"showParticleSystems":true},"in2DMode":false,"pivot":{"x":-0.0995398759841919,"y":-6.658012390136719,"z":19.22797393798828},"rotation":{"x":-0.27083930373191836,"y":0.03984573110938072,"z":-0.011238090693950653,"w":-0.9617582559585571},"size":9.696084022521973,"orthographic":false}