{"cameraMode":{"drawMode":0,"name":"Shaded","section":"Shading Mode"},"sceneLighting":true,"audioPlay":false,"sceneViewState":{"showFog":true,"showMaterialUpdate":false,"showSkybox":true,"showFlares":true,"showImageEffects":true,"showParticleSystems":true},"in2DMode":false,"pivot":{"x":-3.294370412826538,"y":2.6758198738098146,"z":-4.660484790802002},"rotation":{"x":-0.2525418996810913,"y":-0.0052276356145739559,"z":0.0013647174928337336,"w":-0.9675745368003845},"size":0.30260658264160159,"orthographic":false}