{"cameraMode":{"drawMode":0,"name":"Shaded","section":"Shading Mode"},"sceneLighting":true,"audioPlay":false,"sceneViewState":{"showFog":true,"showMaterialUpdate":false,"showSkybox":true,"showFlares":true,"showImageEffects":true,"showParticleSystems":true},"in2DMode":false,"pivot":{"x":-1.5347387790679932,"y":-4.312298774719238,"z":4.154053688049316},"rotation":{"x":-0.3254617154598236,"y":0.001978827640414238,"z":-0.0006815178785473108,"w":-0.9455544352531433},"size":10.0,"orthographic":false}